property,property_value,description,uuid,datatype,datatype_config,preferred_handler,handler_config

'addresshierarchy.addressToEntryMapUpdaterLastStartTime',NULL,'ThemoduleusesthisfieldtostorewhentheAddressToEntryMapUpdatertaskwaslaststarted;DONOTMODIFY','ca7343ef-bfda-4b56-8917-b91a6b5c2d53',NULL,NULL,NULL,NULL

'addresshierarchy.allowFreetext','true','Validvalues:true/false.Whenoverridingtheaddressportlet,allowtheentryoffreetextforaddressfieldsassociatedwiththeaddresshierarchybyprovidingan\"Other\"option','94c25365-1d0a-4b71-977a-83f3392adead',NULL,NULL,NULL,NULL

'addresshierarchy.database_version','2.9.0','DONOTMODIFY.Currentdatabaseversionnumberfortheaddresshierarchymodule.','0949d6b1-d15f-4c42-a9a5-c3c03a5aee53',NULL,NULL,NULL,NULL

'addresshierarchy.enableOverrideOfAddressPortlet','true','Validvalues:true/false.Whenenabled,theexisting\"edit\"componentoftheaddressportletisoverriddenbythenewfunctionalityprovidedbytheaddresshierarchymodule','536eb118-7ffd-4b47-8597-45db0e42b313',NULL,NULL,NULL,NULL

'addresshierarchy.initializeAddressHierarchyCacheOnStartup','true','Setswhethertoinitializetheaddresshierarchyin-memorycac

whichisusedtospeedupaddresshierarchysearches.\nGenerally,youwanttosetthisto\"true\",thoughdevelopersmaywanttosetittofalseduringdevelopment\ntospeedmodulestart-up.','a3fabb19-16c2-4d8b-b4ed-5e7befe3c677',NULL,NULL,NULL,NULL

'addresshierarchy.mandatory','false','true/falsewhetherornottheaddresshierarchymoduleMUSTstartwhenopenmrsstarts.Thisisusedtomakesurethatmissioncriticalmodulesarealwaysrunningifopenmrsisrunning.','bd55f55b-e6d4-4d06-810c-dfda11c84093',NULL,NULL,NULL,NULL

'addresshierarchy.soundexProcessor',NULL,'IftheNamePhoneticsmoduleisinstalled,thisdefinesthenameofasoundexalgorithmusedbythegetPossibleFullAddressesservicemethod.','ddf9a2fd-56cd-4b6f-8482-b9e76f4714c2',NULL,NULL,NULL,NULL

'addresshierarchy.started','true','DONOTMODIFY.true/falsewhetherornottheaddresshierarchymodulehasbeenstarted.Thisisusedtomakesuremodulesthatwererunningpriortoarestartarestartedagain','e35b43ac-e079-4804-8ad5-5b74f4e05144',NULL,NULL,NULL,NULL

'allergy.allergen.ConceptClasses','Drug,MedSet','Acomma-separatedlistoftheallowedconceptclassesfortheallergenfieldoftheallergydialog','bc330782-785f-4692-a09a-556a785184e0',NULL,NULL,NULL,NULL

'allergy.reaction.ConceptClasses','Symptom','Acomma-separatedlistoftheallowedconceptclassesforthereactionfieldoftheallergydialog','6d05a118-62e4-4a7f-b5ab-4dc3b398b3f0',NULL,NULL,NULL,NULL

'application.name','OpenMRS','Thenameofthisapplication,aspresentedtotheuser,forexampleontheloginandwelcomepages.','5512e56f-a127-4bce-b787-36250e6de7a1',NULL,NULL,NULL,NULL

'calculation.mandatory','false','true/falsewhetherornotthecalculationmoduleMUSTstartwhenopenmrsstarts.Thisisusedtomakesurethatmissioncriticalmodulesarealwaysrunningifopenmrsisrunning.','9ea680b6-d6e5-4573-8b54-0db2b8251609',NULL,NULL,NULL,NULL

'calculation.started','true','DONOTMODIFY.true/falsewhetherornotthecalculationmodulehasbeenstarted.Thisisusedtomakesuremodulesthatwererunningpriortoarestartarestartedagain','16fed61a-f9da-4c0a-87fb-a0d9a4c0331d',NULL,NULL,NULL,NULL

'concept.caseSensitiveNamesInConceptNameTable','true','Indicateswhethernamesintheconcept_nametablearecasesensitiveornot.SettingthistofalseforMySQLwithacaseinsensitivecollationimprovessearchperformance.','9997972d-93cd-4c76-884f-0aacdaab448d',NULL,NULL,NULL,NULL

'concept.causeOfDeath','5002','ConceptidoftheconceptdefiningtheCAUSEOFDEATHconcept','c07637a6-1691-11df-97a5-7038c432aabf',NULL,NULL,NULL,NULL

'concept.defaultConceptMapType','NARROWER-THAN','Defaultconceptmaptypewhichisusedwhennootherisset','11223367-db33-4e22-b1af-d5bf12deee93',NULL,NULL,NULL,NULL

'concept.false','1066','ConceptidoftheconceptdefiningtheFALSEbooleanconcept','2c7433f2-c70c-497d-aa49-a25ef272fdf3',NULL,NULL,NULL,NULL

'concept.height','5090','ConceptidoftheconceptdefiningtheHEIGHTconcept','c7778d87-fb71-40de-9d4d-828e1080d4d7',NULL,NULL,NULL,NULL

'concept.medicalRecordObservations','1238','TheconceptidoftheMEDICAL_RECORD_OBSERVATIONSconcept.Thisconcept_idispresumedtobethegenericgroupi

obr)conceptinhl7messages.Anobs_grouprowisnotcreatedforthisconcept.','c6e26dda-b3b5-4092-8625-3d153e30d03b',NULL,NULL,NULL,NULL

'concept.none','1107','ConceptidoftheconceptdefiningtheNONEconcept','c0763d90-1691-11df-97a5-7038c432aabf',NULL,NULL,NULL,NULL

'concept.otherNonCoded','5622','ConceptidoftheconceptdefiningtheOTHERNON-CODEDconcept','c0763f08-1691-11df-97a5-7038c432aabf',NULL,NULL,NULL,NULL

'concept.patientDied','1742','ConceptidoftheconceptdefiningthePATIENDDIEDconcept','c0764085-1691-11df-97a5-7038c432aabf',NULL,NULL,NULL,NULL

'concept.problemList','1284','TheconceptidofthePROBLEMLISTconcept.Thisconcept_idispresumedtobethegenericgroupi

obr)conceptinhl7messages.Anobs_grouprowisnotcreatedforthisconcept.','dcfb559d-fd2d-4743-8f63-03294fc6d262',NULL,NULL,NULL,NULL

'concept.reasonExitedCare','1811','ConceptidoftheconceptdefiningtheREASONEXITEDCAREconcept','c07643ee-1691-11df-97a5-7038c432aabf',NULL,NULL,NULL,NULL

'concept.reasonOrderStopped','6098','ConceptidoftheconceptdefiningtheREASONORDERSTOPPEDconcept','c0764b88-1691-11df-97a5-7038c432aabf',NULL,NULL,NULL,NULL

'concept.true','1065','ConceptidoftheconceptdefiningtheTRUEbooleanconcept','95edb18c-ecae-4a5b-a2b1-086e66418759',NULL,NULL,NULL,NULL

'concept.weight','5089','ConceptidoftheconceptdefiningtheWEIGHTconcept','c0764d1e-1691-11df-97a5-7038c432aabf',NULL,NULL,NULL,NULL

'conceptDrug.dosageForm.conceptClasses',NULL,'Acomma-separatedlistoftheallowedconceptclassesforthedosageformfieldoftheconceptdrugmanagementform.','ade192ed-5cfd-46d5-9122-66bc5ece1382',NULL,NULL,NULL,NULL

'conceptDrug.route.conceptClasses',NULL,'Acomma-separatedlistoftheallowedconceptclassesfortheroutefieldoftheconceptdrugmanagementform.','9b39a012-ba78-4376-b8a7-d9cb3b7feed0',NULL,NULL,NULL,NULL

'concepts.locked','false','true/falsewhetherornotconceptscanbeeditedinthisdatabase.','c0764e86-1691-11df-97a5-7038c432aabf','org.openmrs.customdatatype.datatype.BooleanDatatype',NULL,NULL,NULL

'concept_map_type_management.enable','false','Enablesordisablesmanagementofconceptmaptypes','653c7349-e582-433b-a5f9-05c713e2b449','org.openmrs.customdatatype.datatype.BooleanDatatype',NULL,NULL,NULL

'dashboard.encounters.maximumNumberToShow',NULL,'Anintegerwhich,ifspecified,woulddeterminethemaximumnumberofencounterstodisplayontheencountertabofthepatientdashboard.','4ba28c3f-d84d-404b-acbf-c1a15e0d656e',NULL,NULL,NULL,NULL

'dashboard.encounters.providerDisplayRoles',NULL,'Acomma-separatedlistofencounterrol

bynameorid).Providerswiththeserolesinanencounterwillbedisplayedontheencountertabofthepatientdashboard.','9b3a1fe7-da58-4bd6-964f-b38bc7b5acb8',NULL,NULL,NULL,NULL

'dashboard.encounters.showEditLink','true','true/falsewhetherornottoshowthe\'EditEncounter\'linkonthepatientdashboard','c0764fa0-1691-11df-97a5-7038c432aabf','org.openmrs.customdatatype.datatype.BooleanDatatype',NULL,NULL,NULL

'dashboard.encounters.showEmptyFields','true','true/falsewhetherornottoshowemptyfieldsonthe\'ViewEncounter\'window','c07650d4-1691-11df-97a5-7038c432aabf','org.openmrs.customdatatype.datatype.BooleanDatatype',NULL,NULL,NULL

'dashboard.encounters.showViewLink','true','true/falsewhetherornottoshowthe\'ViewEncounter\'linkonthepatientdashboard','c07651ea-1691-11df-97a5-7038c432aabf','org.openmrs.customdatatype.datatype.BooleanDatatype',NULL,NULL,NULL

'dashboard.encounters.usePages','smart','true/false/smartonhowtoshowthepagesonthe\'ViewEncounter\'window.\'smart\'meansthatif>50%ofthefieldshavepagenumbersdefined,showdatainpages','c0765308-1691-11df-97a5-7038c432aabf',NULL,NULL,NULL,NULL

'dashboard.encounters.viewWhere','newWindow','Defineshowthe\'ViewEncounter\'linkshouldact.Knownvalues:\'sameWindow\',\'newWindow\',\'oneNewWindow\'','c0765427-1691-11df-97a5-7038c432aabf',NULL,NULL,NULL,NULL

'dashboard.header.programs_to_show',NULL,'ListofprogramstoshowEnrollmentdetailsofinthepatientheade

Shouldbeanorderedcomma-separatedlistofprogram_idsornames.)','b7a729ea-3ce2-4d7a-bee9-07d5182bf093',NULL,NULL,NULL,NULL

'dashboard.header.showConcept','5497','Commadelimitedlistofconceptsidstoshowonthepatientheaderoverview','c0763c07-1691-11df-97a5-7038c432aabf',NULL,NULL,NULL,NULL

'dashboard.header.workflows_to_show',NULL,'ListofprogramstoshowEnrollmentdetailsofinthepatientheader.Listofworkflowstoshowcurrentstatusofinthepatientheader.Thesewillonlybedisplayediftheybelongtoaprogramlistedabov

Shouldbeacomma-separatedlistofprogram_workflow_ids.)','3c5882c7-ecab-4c63-b87a-11382d937312',NULL,NULL,NULL,NULL

'dashboard.metadata.caseConversion',NULL,'Indicateswhichtypeautomaticcaseconversionisappliedtoprogram/workflow/stateinthepatientdashboard.Validvalues:lowercase,uppercase,capitalize.Ifemptynoconversionisapplied.','4ffbd69b-4f6e-4717-99a4-21334bdb5f5f',NULL,NULL,NULL,NULL

'dashboard.overview.showConcepts',NULL,'Commadelimitedlistofconceptsidstoshowonthepatientdashboardoverviewtab','c0765541-1691-11df-97a5-7038c432aabf',NULL,NULL,NULL,NULL

'dashboard.regimen.displayDrugSetIds','ANTIRETROVIRALDRUGS,TUBERCULOSISTREATMENTDRUGS','DrugsetsthatappearonthePatientDashboardRegimentab.Commaseparatedlistofnameofconceptsthataredefinedasdrugsets.','c076565c-1691-11df-97a5-7038c432aabf',NULL,NULL,NULL,NULL

'dashboard.regimen.displayFrequencies','7days/week,6days/week,5days/week,4days/week,3days/week,2days/week,1days/week','FrequencyofadrugorderthatappearonthePatientDashboard.Commaseparatedlistofnameofconceptsthataredefinedasdrugfrequencies.','337e20f3-312a-463d-99b6-343dd25552d4',NULL,NULL,NULL,NULL

'dashboard.regimen.standardRegimens','<list><regimenSuggestion><drugComponents><drugSuggestion><drugId>2</drugId><dose>1</dose><units>t

s)</units><frequency>2/dayx7days/week</frequency><instructions></instructions></drugSuggestion></drugComponents><displayName>3TC+d

30)+N

Triomune-30)</displayName><codeName>standardTri30</codeName><canReplace>ANTIRETROVIRALDRUGS</canReplace></regimenSuggestion><regimenSuggestion><drugComponents><drugSuggestion><drugId>3</drugId><dose>1</dose><units>t

s)</units><frequency>2/dayx7days/week</frequency><instructions></instructions></drugSuggestion></drugComponents><displayName>3TC+d

40)+N

Triomune-40)</displayName><codeName>standardTri40</codeName><canReplace>ANTIRETROVIRALDRUGS</canReplace></regimenSuggestion><regimenSuggestion><drugComponents><drugSuggestion><drugId>39</drugId><dose>1</dose><units>t

s)</units><frequency>2/dayx7days/week</frequency><instructions></instructions></drugSuggestion><drugSuggestion><drugId>22</drugId><dose>200</dose><units>mg</units><frequency>2/dayx7days/week</frequency><instructions></instructions></drugSuggestion></drugComponents><displayName>AZT+3TC+NVP</displayName><codeName>standardAztNvp</codeName><canReplace>ANTIRETROVIRALDRUGS</canReplace></regimenSuggestion><regimenSuggestion><drugComponents><drugSuggestionreference=\"../../../regimenSuggestion[3]/drugComponents/drugSuggestion\"/><drugSuggestion><drugId>11</drugId><dose>600</dose><units>mg</units><frequency>1/dayx7days/week</frequency><instructions></instructions></drugSuggestion></drugComponents><displayName>AZT+3TC+E

600)</displayName><codeName>standardAztEfv</codeName><canReplace>ANTIRETROVIRALDRUGS</canReplace></regimenSuggestion><regimenSuggestion><drugComponents><drugSuggestion><drugId>5</drugId><dose>30</dose><units>mg</units><frequency>2/dayx7days/week</frequency><instructions></instructions></drugSuggestion><drugSuggestion><drugId>42</drugId><dose>150</dose>		<units>mg</units><frequency>2/dayx7days/week</frequency><instructions></instructions></drugSuggestion><drugSuggestionreference=\"../../../regimenSuggestion[4]/drugComponents/drugSuggestion[2]\"/></drugComponents><displayName>d

30)+3TC+E

600)</displayName><codeName>standardD4t30Efv</codeName><canReplace>ANTIRETROVIRALDRUGS</canReplace></regimenSuggestion><regimenSuggestion><drugComponents><drugSuggestion><drugId>6</drugId><dose>40</dose><units>mg</units><frequency>2/dayx7days/week</frequency><instructions></instructions></drugSuggestion><drugSuggestionreference=\"../../../regimenSuggestion[5]/drugComponents/drugSuggestion[2]\"/><drugSuggestionreference=\"../../../regimenSuggestion[4]/drugComponents/drugSuggestion[2]\"/></drugComponents><displayName>d

40)+3TC+E

600)</displayName><codeName>standardD4t40Efv</codeName><canReplace>ANTIRETROVIRALDRUGS</canReplace></regimenSuggestion></list>','XMLdescriptionofstandarddrugregimens,tobeshownasshortcutsonthedashboardregimenentrytab','61805569-bfc7-44ab-9dd4-023e29766a95',NULL,NULL,NULL,NULL

'dashboard.relationships.show_types',NULL,'Typesofrelationshipsseparatedbycommas.Doctor/Patient,Parent/Child','c0765776-1691-11df-97a5-7038c432aabf',NULL,NULL,NULL,NULL

'dashboard.showPatientName','false','Whetherornottodisplaythepatientnameinthepatientdashboardtitle.Notethatenablingthiscouldbesecurityriskifmultipleusersoperateonthesamecomputer.','ac21b20f-7dfb-42fa-8ea7-444e88d00b58','org.openmrs.customdatatype.datatype.BooleanDatatype',NULL,NULL,NULL

'databasebackup.folderPath','backup','Pathtothebackupfolder.Youcaneitherenteranabsolutepath

i.e.\'C:/backup\')orarelativepa

i.e.likethedefaultvalue\'backup\')whichisrelativetothe\nOpenMRSapplicationdatadirectory.','358023cc-e060-4f85-9a4c-7d1afab0a4d8',NULL,NULL,NULL,NULL

'databasebackup.mandatory','false','true/falsewhetherornotthedatabasebackupmoduleMUSTstartwhenopenmrsstarts.Thisisusedtomakesurethatmissioncriticalmodulesarealwaysrunningifopenmrsisrunning.','d4e7fa74-db59-4ea1-8df1-bd3d86617bb5',NULL,NULL,NULL,NULL

'databasebackup.started','true','DONOTMODIFY.true/falsewhetherornotthedatabasebackupmodulehasbeenstarted.Thisisusedtomakesuremodulesthatwererunningpriortoarestartarestartedagain','1297fbd9-2848-48ec-a088-41a1247efd9f',NULL,NULL,NULL,NULL

'databasebackup.tablesExcluded','none','Enterthetablestobeexcludedfromthebackupcommaseparat

i.e.:hl7_in_archive,hl7_in_error)intofield\'databasebackup.tablesExcluded\'oruse\'all

default)toexcludeall.Ifyoudon\'twanttoexcludeanytables,youcouldalsoleaveittothedefaultvalue\'none\'.\nExplicitlyenteredtablenamesoverruleanyeventual\'all\'or\'none\'entriesintheoppositesettingsfield.','ce9bc2f9-e510-43f2-90df-fa4cffed727e',NULL,NULL,NULL,NULL

'databasebackup.tablesIncluded','all','Enterthetablestobeincludedintothebackupcommaseparat

i.e.:cohort,concept)intofield\'databasebackup.tablesIncluded\'oruse\'all

default)toincludeall.\nExplicitlyenteredtablenamesoverruleanyeventual\'all\'or\'none\'entriesintheoppositesettingsfield.','330ad5b6-732e-4e71-98c6-26426b973ad9',NULL,NULL,NULL,NULL

'datePicker.weekStart','0','Firstdayoftheweekinthedatepicker.Domingo/Dimanche/Sunday:0Lunes/Lundi/Monday:1','5721aa29-f564-493e-8f47-a2d9aa2c0bdc',NULL,NULL,NULL,NULL

'default_locale','en_GB','Specifiesthedefaultlocale.Youcanspecifyboththelanguageco

ISO-639)andthecountryco

ISO-3166),e.g.\'en_GB\'orjustcountry:e.g.\'en\'','84aa19f4-c844-49f0-9ded-0a79147cf6a7',NULL,NULL,NULL,NULL

'default_location','UnknownLocation','Thenameofthelocationtouseasasystemdefault','02d64a31-3745-4938-b5fd-a36261d4e7fa',NULL,NULL,NULL,NULL

'default_theme',NULL,'Defaultthemeforusers.OpenMRSshipswiththemesof\'green\',\'orange\',\'purple\',and\'legacy\'','a5491f56-83a5-4b86-b0e2-db41c4121d55',NULL,NULL,NULL,NULL

'drugOrder.requireDrug','false','Settovaluetrueifyouneedtospecifyaformulati

Drug)whencreatingadrugorder.','c88a0d3a-90eb-4e90-8dd3-5d0414afc048',NULL,NULL,NULL,NULL

'encounterForm.obsSortOrder','number','Thesortorderfortheobslistedontheencountereditform.\'number\'sortsontheassociatednumberingfromtheformschema.\'weight\'sortsontheorderdisplayedintheformschema.','11cf190d-32d4-47ce-83c8-d574ac071cb1',NULL,NULL,NULL,NULL

'EncounterType.encounterTypes.locked','false','saving,retiringordeletinganEncounterTypeisnotpermitted,iftrue','1585f88a-c785-440b-8deb-9311d97cf7d3','org.openmrs.customdatatype.datatype.BooleanDatatype',NULL,NULL,NULL

'Form.forms.locked','false','Settoavalueoftrueifyoudonotwantanychangestobemadeonforms,elsesettofalse.','edcc4e41-73d4-48ea-9fe1-4366e93a8523',NULL,NULL,NULL,NULL

'FormEntry.enableDashboardTab','true','true/falsewhetherornottoshowaFormEntrytabonthepatientdashboard','cfd5850c-1140-451d-b866-aa79cd201b3a','org.openmrs.customdatatype.datatype.BooleanDatatype',NULL,NULL,NULL

'FormEntry.enableOnEncounterTab','false','true/falsewhetherornottoshowaEnterFormbuttonontheencounterstabofthepatientdashboard','6a9ad29e-6ba8-4515-9c23-c65502e422ae','org.openmrs.customdatatype.datatype.BooleanDatatype',NULL,NULL,NULL

'graph.color.absolute','r

20,20,20)','Colorofthe\'invalid\'sectionofnumericgraphsonthepatientdashboard.','0cdb323c-8911-4273-94a2-c3e6cbb68b20',NULL,NULL,NULL,NULL

'graph.color.critical','r

200,0,0)','Colorofthe\'critical\'sectionofnumericgraphsonthepatientdashboard.','781993f9-bbf0-459b-86c3-dc9b5e90f9b3',NULL,NULL,NULL,NULL

'graph.color.normal','r

255,126,0)','Colorofthe\'normal\'sectionofnumericgraphsonthepatientdashboard.','d0b52011-1638-4062-bc15-8be6bdba8aa9',NULL,NULL,NULL,NULL

'groovy.database_version','1.0.1','DONOTMODIFY.Currentdatabaseversionnumberforthegroovymodule.','f6468377-79f8-40e3-9890-14bce3bcc7d5',NULL,NULL,NULL,NULL

'groovy.mandatory','false','true/falsewhetherornotthegroovymoduleMUSTstartwhenopenmrsstarts.Thisisusedtomakesurethatmissioncriticalmodulesarealwaysrunningifopenmrsisrunning.','5730959c-db89-4c5a-9805-c7015f267dd4',NULL,NULL,NULL,NULL

'groovy.started','true','DONOTMODIFY.true/falsewhetherornotthegroovymodulehasbeenstarted.Thisisusedtomakesuremodulesthatwererunningpriortoarestartarestartedagain','ac9cbdc2-1165-4f93-8e0f-48a819298831',NULL,NULL,NULL,NULL

'gzip.enabled','false','Setto\'true\'toturnonOpenMRS\'sgzipfilter,andhavethewebappcompressdatabeforesendingittoanyclientthatsupportsit.GenerallyusethisifyouarerunningTomcatstandalone.IfyouarerunningTomcatbehindApache,thenyou\'dwanttouseApachetodogzipcompression.','c07662a3-1691-11df-97a5-7038c432aabf','org.openmrs.customdatatype.datatype.BooleanDatatype',NULL,NULL,NULL

'hl7_archive.dir','hl7_archives','Thedefaultnameorabsolutepathforthefolderwheretowritethehl7_in_archives.','c6849084-f19a-458f-94cd-156e7c43c399',NULL,NULL,NULL,NULL

'hl7_processor.ignore_missing_patient_non_local','false','Iftrue,hl7messagesforpatientsthatarenotfoundandarenon-localwillsilentlybedropped/ignored','12fda1ed-360b-4793-b4c6-f2063ea515b7','org.openmrs.customdatatype.datatype.BooleanDatatype',NULL,NULL,NULL

'htmlformentry.dateFormat',NULL,'AlwaysdisplaydatesinHTMLFormsinth

Java)dateformat.E.g.\"dd/MMM/yyyy\"for31/Jan/2012.','5559f9a3-898d-49d9-a586-a76fae4cf7f5',NULL,NULL,NULL,NULL

'htmlformentry.datePickerYearsRange','110,20','datePickerYearsRangeparametercanbesethereEg:\'110,20\'meaningthatthepossibleyearsthatappearinthedatepickerdropdownrangefrom20yearspastthecurrentyear,and110yearspriortothecurrentyear.','e65044e0-f76b-4e15-94af-6a1441679315',NULL,NULL,NULL,NULL

'htmlformentry.mandatory','false','true/falsewhetherornotthehtmlformentrymoduleMUSTstartwhenopenmrsstarts.Thisisusedtomakesurethatmissioncriticalmodulesarealwaysrunningifopenmrsisrunning.','53442bd8-1928-49a6-9be8-c36a1a7add63',NULL,NULL,NULL,NULL

'htmlformentry.showDateFormat','true','Settotrueifyouwantstatictextforthedateformattobedisplayednexttodatewidgets,elsesettofalse.','67ecb102-54f0-443e-8880-4c39a5849d0f',NULL,NULL,NULL,NULL

'htmlformentry.started','true','DONOTMODIFY.true/falsewhetherornotthehtmlformentrymodulehasbeenstarted.Thisisusedtomakesuremodulesthatwererunningpriortoarestartarestartedagain','f801a366-4c42-491d-934f-da7012587073',NULL,NULL,NULL,NULL

'htmlformentry19ext.mandatory','false','true/falsewhetherornotthehtmlformentry19extmoduleMUSTstartwhenopenmrsstarts.Thisisusedtomakesurethatmissioncriticalmodulesarealwaysrunningifopenmrsisrunning.','0611bf8f-f81d-49b3-8b52-6cc806d904d7',NULL,NULL,NULL,NULL

'htmlformentry19ext.started','true','DONOTMODIFY.true/falsewhetherornotthehtmlformentry19extmodulehasbeenstarted.Thisisusedtomakesuremodulesthatwererunningpriortoarestartarestartedagain','8fb76eba-b5ce-4856-8e7b-03b2a84008dc',NULL,NULL,NULL,NULL

'htmlwidgets.mandatory','false','true/falsewhetherornotthehtmlwidgetsmoduleMUSTstartwhenopenmrsstarts.Thisisusedtomakesurethatmissioncriticalmodulesarealwaysrunningifopenmrsisrunning.','630e6376-6476-4750-b3f6-eeba017817c3',NULL,NULL,NULL,NULL

'htmlwidgets.started','true','DONOTMODIFY.true/falsewhetherornotthehtmlwidgetsmodulehasbeenstarted.Thisisusedtomakesuremodulesthatwererunningpriortoarestartarestartedagain','9552ebea-8089-4288-aebb-572f353b0cb7',NULL,NULL,NULL,NULL

'layout.address.format','<org.openmrs.layout.web.address.AddressTemplate>\r\n<nameMappingsclass=\"properties\">\r\n<propertyname=\"postalCode\"value=\"Location.postalCode\"/>\r\n<propertyname=\"longitude\"value=\"Location.longitude\"/>\r\n<propertyname=\"address3\"value=\"Location.estateNearestCentre\"/>\r\n<propertyname=\"address2\"value=\"Location.sectionHomestead\"/>\r\n<propertyname=\"address1\"value=\"Location.address1\"/>\r\n<propertyname=\"country\"value=\"Location.country\"/>\r\n<propertyname=\"stateProvince\"value=\"Location.province\"/>\r\n<propertyname=\"latitude\"value=\"Location.latitude\"/>\r\n<propertyname=\"address6\"value=\"Location.location\"/>\r\n<propertyname=\"address5\"value=\"Location.sublocation\"/>\r\n<propertyname=\"cityVillage\"value=\"Location.townVillage\"/>\r\n<propertyname=\"countyDistrict\"value=\"Location.district\"/>\r\n<propertyname=\"address4\"value=\"Location.division\"/>\r\n</nameMappings>\r\n<sizeMappingsclass=\"properties\">\r\n<propertyname=\"postalCode\"value=\"6\"/>\r\n<propertyname=\"longitude\"value=\"10\"/>\r\n<propertyname=\"address3\"value=\"24\"/>\r\n<propertyname=\"address2\"value=\"55\"/>\r\n<propertyname=\"address1\"value=\"55\"/>\r\n<propertyname=\"country\"value=\"10\"/>\r\n<propertyname=\"townshipDivision\"value=\"24\"/>\r\n<propertyname=\"stateProvince\"value=\"24\"/>\r\n<propertyname=\"subregion\"value=\"24\"/>\r\n<propertyname=\"latitude\"value=\"10\"/>\r\n<propertyname=\"region\"value=\"24\"/>\r\n<propertyname=\"cityVillage\"value=\"24\"/>\r\n<propertyname=\"countyDistrict\"value=\"24\"/>\r\n</sizeMappings>\r\n<elementDefaultsclass=\"properties\">\r\n<propertyname=\"country\"value=\"Kenya\"/>\r\n</elementDefaults>\r\n<elementRegexclass=\"properties\">\r\n<propertyname=\"longitude\"value=\

\\d{1,3}\\s)\\d\\

\\d{2,3})\\s*$\"/>\r\n<propertyname=\"latitude\"value=\

\\d{1,3}\\s)\\d\\

\\d{2,3})\\s*$\"/>\r\n</elementRegex>\r\n<elementRegexFormatsclass=\"properties\">\r\n<propertyname=\"longitude\"value=\"12345.000\"/>\r\n<propertyname=\"latitude\"value=\"12345.000\"/>\r\n</elementRegexFormats>\r\n<lineByLineFormat>\r\n<string>address1</string>\r\n<string>address2</string>\r\n<string>address3cityVillage</string>\r\n<string>address5address6</string>\r\n<string>address4countyDistrict</string>\r\n<string>stateProvincepostalCode</string>\r\n<string>latitudelongitude</string>\r\n<string>country</string>\r\n</lineByLineFormat>\r\n</org.openmrs.layout.web.address.AddressTemplate>','XMLdescriptionofaddressformats','c0766986-1691-11df-97a5-7038c432aabf',NULL,NULL,NULL,NULL

'layout.name.format','short','Formatinwhichtodisplaythepersonnames.Validvaluesareshort,long','c0766a9c-1691-11df-97a5-7038c432aabf',NULL,NULL,NULL,NULL

'locale.allowed.list','en,es,fr,it,pt','Commadelimitedlistoflocalesallowedforuseonsystem','16f659a4-b237-4935-a426-29cb28cb29f7',NULL,NULL,NULL,NULL

'location.field.style','default','Typeofwidgettouseforlocationfields','27af313e-a3cb-49d3-81e5-5ecd2f17c484',NULL,NULL,NULL,NULL

'log.layout','%p-%C{1}.

%L)|%d{ISO8601}|%m%n','AloglayoutpatternwhichisusedbytheOpenMRSfileappender.','52da6e86-8071-450f-b9d6-d05b42eaa9c8',NULL,NULL,NULL,NULL

'log.level','info','loglevelusedbythelogger\'org.openmrs\'.Thisvaluewilloverridethelog4j.xmlvalue.Validvaluesaretrace,debug,info,warn,errororfatal','fb96ba13-2d8a-40fe-b94f-01abb7d95ea0',NULL,NULL,NULL,NULL

'log.location',NULL,'AdirectorywheretheOpenMRSlogfileappenderisstored.Thelogfilenameis\'openmrs.log\'.','0e0801d8-be2b-4559-a415-676c53ea3d60',NULL,NULL,NULL,NULL

'logic.default.ruleClassDirectory','logic/class','Defaultfolderwherecompiledrulewillbestored','003b820e-265b-4f99-9cfb-052ddb797054',NULL,NULL,NULL,NULL

'logic.default.ruleJavaDirectory','logic/sources','Defaultfolderwhererule\'sjavafilewillbestored','6100a477-293f-410a-b264-c286712ccbab',NULL,NULL,NULL,NULL

'logic.defaultTokens.conceptClasses',NULL,'Whenregisteringdefaulttokensforlogic,ifyouspecifyacomma-separatedlistofconceptclassnameshere,onlyconceptsofthoseclasseswillhavetokensregistered.Ifyouleavethisblank,allclasseswillhavetokensregisteredfortheirconcepts.','96288625-e4cb-4f15-813d-842faa923f57',NULL,NULL,NULL,NULL

'logic.mandatory','false','true/falsewhetherornotthelogicmoduleMUSTstartwhenopenmrsstarts.Thisisusedtomakesurethatmissioncriticalmodulesarealwaysrunningifopenmrsisrunning.','19e16fee-8580-4ecd-9875-bbb36d82c9cd',NULL,NULL,NULL,NULL

'logic.started','true','DONOTMODIFY.true/falsewhetherornotthelogicmodulehasbeenstarted.Thisisusedtomakesuremodulesthatwererunningpriortoarestartarestartedagain','dfa5afb3-bc21-445c-b3bc-717883301c7b',NULL,NULL,NULL,NULL

'mail.debug','false','true/falsewhethertoprintdebugginginformationduringmailing','c0766bad-1691-11df-97a5-7038c432aabf',NULL,NULL,NULL,NULL

'mail.default_content_type','text/plain','Contenttypetoappendtothemailmessages','c0766cbf-1691-11df-97a5-7038c432aabf',NULL,NULL,NULL,NULL

'mail.from','info@openmrs.org','Emailaddresstouseasthedefaultfromaddress','c0766dd1-1691-11df-97a5-7038c432aabf',NULL,NULL,NULL,NULL

'mail.password','test','PasswordfortheSMTPus

ifsmtp_authisenabled)','c0766ee3-1691-11df-97a5-7038c432aabf',NULL,NULL,NULL,NULL

'mail.smtp.starttls.enable','false','SettotruetoenableTLSencryption,elsesettofalse','5a45b2c2-6f0e-49d0-ba9f-426ad59cb798',NULL,NULL,NULL,NULL

'mail.smtp_auth','false','true/falsewhetherthesmtphostrequiresauthentication','c0766ff9-1691-11df-97a5-7038c432aabf',NULL,NULL,NULL,NULL

'mail.smtp_host','localhost','SMTPhostname','c076710f-1691-11df-97a5-7038c432aabf',NULL,NULL,NULL,NULL

'mail.smtp_port','25','SMTPport','c076721c-1691-11df-97a5-7038c432aabf',NULL,NULL,NULL,NULL

'mail.transport_protocol','smtp','Transportprotocolforthemessagingengine.Validvalues:smtp','c076732a-1691-11df-97a5-7038c432aabf',NULL,NULL,NULL,NULL

'mail.user','test','UsernameoftheSMTPus

ifsmtp_authisenabled)','c0767440-1691-11df-97a5-7038c432aabf',NULL,NULL,NULL,NULL

'metadatamapping.addLocalMappings',NULL,'Specifieswhethertheconceptmappingstothelocaldictionaryshouldbecreatedwhenexportingconcepts','41f0bccb-507a-41b7-b5a0-75eac7f37f61',NULL,NULL,NULL,NULL

'metadatamapping.mandatory','false','true/falsewhetherornotthemetadatamappingmoduleMUSTstartwhenopenmrsstarts.Thisisusedtomakesurethatmissioncriticalmodulesarealwaysrunningifopenmrsisrunning.','cd4d2904-f93a-4c7c-a181-72287137c91e',NULL,NULL,NULL,NULL

'metadatamapping.started','true','DONOTMODIFY.true/falsewhetherornotthemetadatamappingmodulehasbeenstarted.Thisisusedtomakesuremodulesthatwererunningpriortoarestartarestartedagain','b768deca-8ef4-43b7-a192-11c2d7dd0225',NULL,NULL,NULL,NULL

'metadatasharing.database_version','1.0','DONOTMODIFY.Currentdatabaseversionnumberforthemetadatasharingmodule.','0fba3a48-f03e-4033-b6e8-a21ca22ea940',NULL,NULL,NULL,NULL

'metadatasharing.enableOnTheFlyPackages','false','Specifieswhethermetadatapackagescanbeexportedonthefly','12adea48-3993-428e-b425-5bbf4563ce46',NULL,NULL,NULL,NULL

'metadatasharing.mandatory','false','true/falsewhetherornotthemetadatasharingmoduleMUSTstartwhenopenmrsstarts.Thisisusedtomakesurethatmissioncriticalmodulesarealwaysrunningifopenmrsisrunning.','898d427a-523a-49d8-8319-996f371890a0',NULL,NULL,NULL,NULL

'metadatasharing.persistIdsForClasses',NULL,'Acommaseparatedlistofclasspackage/namesthatdenotesclassestotryandpersistidsfor.Commonoptions:org.openmrs.Concept,org.openmrs.Form,org.openmrs.ConceptDatatype,org.openmrs.ConceptClass,org.openmrs.EncounterType,org.openmrs.IdentifierType,org.openmrs.RelationshipType,org.openmrs.Location','6ce52a04-f258-4b4d-8500-1b1edae591e9',NULL,NULL,NULL,NULL

'metadatasharing.preferredConceptSourceIds',NULL,'Comma-separatedlistofconceptsourceIdsforpreferredsources,incaseanincomingconcept\nhasduplicatemappingstoanyofthesesources,noconfirmationwillberequiredunlessits\ndatatypeorconceptclassdiffersfromthatoftheexistingconcept','74b17cd6-c480-471b-87e2-9ef81d3f802b',NULL,NULL,NULL,NULL

'metadatasharing.started','true','DONOTMODIFY.true/falsewhetherornotthemetadatasharingmodulehasbeenstarted.Thisisusedtomakesuremodulesthatwererunningpriortoarestartarestartedagain','2c8ed8d1-697d-463d-ba4d-34528b30fdb4',NULL,NULL,NULL,NULL

'metadatasharing.webservicesKey',NULL,'KeytograntaccesstoremotesystemstoconsumemodulewebservicesRESTfully','bab49392-623e-4d37-a0ec-094fc24e2157',NULL,NULL,NULL,NULL

'minSearchCharacters','3','Numberofcharactersusermustinputbeforesearchingisstarted.','7242b961-db61-4d69-91e7-49420f1b2cfb',NULL,NULL,NULL,NULL

'module_repository_folder','modules','Nameofthefolderinwhichtostorethemodules','c076754d-1691-11df-97a5-7038c432aabf',NULL,NULL,NULL,NULL

'newPatientForm.relationships',NULL,'CommaseparatedlistoftheRelationshipTypestoshowonthenew/shortpatientform.Thelistisdefinedlike\'3a,4b,7a\'.ThenumberistheRelationshipTypeIdandthe\'a\'vs\'b\'partiswhichsideoftherelationshipisfilledinbytheuser.','43454b09-c3f5-4235-9ced-1e0c7e7b3c3a',NULL,NULL,NULL,NULL

'new_patient_form.showRelationships','false','true/falsewhetherornottoshowtherelationshipeditorontheaddPatient.htmscreen','c076765f-1691-11df-97a5-7038c432aabf','org.openmrs.customdatatype.datatype.BooleanDatatype',NULL,NULL,NULL

'obs.complex_obs_dir','complex_obs','Defaultdirectoryforstoringcomplexobs.','5875468e-dd2b-47b5-8229-dbf4a3a99d63',NULL,NULL,NULL,NULL

'order.drugDispensingUnitsConceptUuid',NULL,'Specifiestheuuidoftheconceptsetwhereitsmembersrepresentthepossibledrugdispensingunits','ea254115-4f71-474a-9c0d-9e3e3e7fa84e',NULL,NULL,NULL,NULL

'order.drugDosingUnitsConceptUuid',NULL,'Specifiestheuuidoftheconceptsetwhereitsmembersrepresentthepossibledrugdosingunits','7bd64780-c682-4b3c-a753-7ce818b237b2',NULL,NULL,NULL,NULL

'order.drugRoutesConceptUuid',NULL,'Specifiestheuuidoftheconceptsetwhereitsmembersrepresentthepossibledrugroutes','1069175b-18c2-46e1-86e8-5188c944a4e3',NULL,NULL,NULL,NULL

'order.durationUnitsConceptUuid',NULL,'Specifiestheuuidoftheconceptsetwhereitsmembersrepresentthepossibledurationunits','07a82666-344b-4dea-a9fb-d04203caa470',NULL,NULL,NULL,NULL

'order.nextOrderNumberSeed','1','Thenextordernumberavailableforassignment','fac12df9-1daf-407e-9ed5-2df6c647e34d',NULL,NULL,NULL,NULL

'order.orderNumberGeneratorBeanId',NULL,'Specifiesspringbeanidoftheordergeneratortousewhenassigningordernumbers','2454b5a3-49b6-42a9-8aba-92ed71d94110',NULL,NULL,NULL,NULL

'order.testSpecimenSourcesConceptUuid',NULL,'Specifiestheuuidoftheconceptsetwhereitsmembersrepresentthepossibletestspecimensources','1e5cf83f-2c8d-44d1-ab4a-aca6f0678e45',NULL,NULL,NULL,NULL

'patient.defaultPatientIdentifierValidator','org.openmrs.patient.impl.LuhnIdentifierValidator','Thispropertysetsthedefaultpatientidentifiervalidator.Thedefaultvalidatorisonlyusedinahandful

mostlylegacy)instances.Forexample,it\'susedtogeneratetheisValidCheckDigitcalculatedcolumnandtoappendthestring

default)\"tothenameofthedefaultvalidatorontheeditPatientIdentifierTypeform.','86acb459-76a1-4c91-9c69-4e00f3439548',NULL,NULL,NULL,NULL

'patient.displayAttributeTypes','Birthplace',NULL,'c0767775-1691-11df-97a5-7038c432aabf',NULL,NULL,NULL,NULL

'patient.headerAttributeTypes',NULL,'AcommadelimitedlistofPersonAttributeTypenamesthatwillbeshownonthepatientdashboard','023dfadd-48e3-43fa-a605-f142226911ee',NULL,NULL,NULL,NULL

'patient.identifierPrefix',NULL,'Thispropertyisonlyusedifpatient.identifierRegexisempty.Thestringhereisprependedtothesqlindentifiersearchstring.Thesqlbecomes\"...whereidentifierlike\'<PREFIX><QUERYSTRING><SUFFIX>\';\".Typicallythisvalueiseitherapercentsi

%)orempty.','c0767887-1691-11df-97a5-7038c432aabf',NULL,NULL,NULL,NULL

'patient.identifierRegex',NULL,'AMySQLregularexpressionforthepatientidentifiersearchstrings.The@SEARCH@stringisreplacedatruntimewiththeuser\'ssearchstring.Anemptyregexwillcauseasimply\'like\'sqlsearchtobeused','c07679a5-1691-11df-97a5-7038c432aabf',NULL,NULL,NULL,NULL

'patient.identifierSearchPattern',NULL,'Ifthisisempty,theregexorsuffix/prefixsearchisused.Commaseparatedlistofidentifierstocheck.Allowsforfastersearchingofmultipleoptionsratherthantheslowregex.e.g.@SEARCH@,0@SEARCH@,@SEARCH-1@-@CHECKDIGIT@,0@SEARCH-1@-@CHECKDIGIT@wouldturnarequestfor\"4127\"intoasearchfor\"

\'4127\',\'04127\',\'412-7\',\'0412-7\')\"','8f1815aa-16da-42f3-ba9b-8fc59f18c63d',NULL,NULL,NULL,NULL

'patient.identifierSuffix',NULL,'Thispropertyisonlyusedifpatient.identifierRegexisempty.Thestringhereisprependedtothesqlindentifiersearchstring.Thesqlbecomes\"...whereidentifierlike\'<PREFIX><QUERYSTRING><SUFFIX>\';\".Typicallythisvalueiseitherapercentsi

%)orempty.','c0767ac0-1691-11df-97a5-7038c432aabf',NULL,NULL,NULL,NULL

'patient.listingAttributeTypes',NULL,'AcommadelimitedlistofPersonAttributeTypenamesthatshouldbedisplayedforpatientsin_lists_','c0767bda-1691-11df-97a5-7038c432aabf',NULL,NULL,NULL,NULL

'patient.nameValidationRegex','^[a-zA-Z\\-]+$','Namesofthepatientsmustpassthisregex.Eg:^[a-zA-Z\\-]+$containsonlyenglishalphabetletters,spaces,andhyphens.Avalueof.*ortheemptystringmeansnovalidationisdone.','94f43a40-133b-4ec9-9273-d4ff54b612b8',NULL,NULL,NULL,NULL

'patient.viewingAttributeTypes',NULL,'AcommadelimitedlistofPersonAttributeTypenamesthatshouldbedisplayedforpatientswhen_viewingindividually_','c07680a1-1691-11df-97a5-7038c432aabf',NULL,NULL,NULL,NULL

'patientflags.database_version','1.2.10','DONOTMODIFY.Currentdatabaseversionnumberforthepatientflagsmodule.','acbf5ad8-11d9-4101-ae78-7b017a5bef12',NULL,NULL,NULL,NULL

'patientflags.mandatory','false','true/falsewhetherornotthepatientflagsmoduleMUSTstartwhenopenmrsstarts.Thisisusedtomakesurethatmissioncriticalmodulesarealwaysrunningifopenmrsisrunning.','701eccf4-58c4-4b1d-8a1c-c75632b3f6f5',NULL,NULL,NULL,NULL

'patientflags.patientHeaderDisplay','true','DONOTMODIFYHERE:use\"manageflagglobalproperties\"tomodify;true/falsewhetherornottodisplayflagsinthePatientDashboardoverview','970ebe9c-451c-4fbc-af27-6c0be8f5289c',NULL,NULL,NULL,NULL

'patientflags.patientOverviewDisplay','true','DONOTMODIFYHERE:use\"manageflagglobalproperties\"tomodify;true/falsewhetherornottodisplayflagsinthePatientDashboardheader','ae383e24-8967-404f-9cea-af9af28cf568',NULL,NULL,NULL,NULL

'patientflags.started','true','DONOTMODIFY.true/falsewhetherornotthepatientflagsmodulehasbeenstarted.Thisisusedtomakesuremodulesthatwererunningpriortoarestartarestartedagain','60fcf0d9-8c3c-48e8-90a2-be8779238d5d',NULL,NULL,NULL,NULL

'patientflags.username','admin','DONOTMODIFYHERE:user\"manageflagglobalproperties\"tomodify;UsernamefortheOpenMRSuserthatwillevaluateGroovyflags','e49c7790-5998-4bc5-8072-dd56fe786bfe',NULL,NULL,NULL,NULL

'PatientIdentifierType.locked','false','Settoavalueoftrueifyoudonotwantalloweditingpatientidentifiertypes,elsesettofalse.','488e9e7f-7430-4a96-b011-66cf7f4ff614',NULL,NULL,NULL,NULL

'patientSearch.matchMode','START','Specifieshowpatientnamesarematchedwhilesearchingpatient.Validvaluesare\'ANYWHERE\'or\'START\'.Defaultstostartifmissingorinvalidvalueispresent.','6d64c48c-1e48-4708-95d6-54f80679f1bb',NULL,NULL,NULL,NULL

'patient_identifier.importantTypes',NULL,'AcommadelimitedlistofPatientIdentifiernames:PatientIdentifierlocationsthatwillbedisplayedonthepatientdashboard.E.g.:TRACnetID:Rwanda,ELDID:Kenya','d602b9d1-e918-4fe0-ac40-530311814fbc',NULL,NULL,NULL,NULL

'person.attributeSearchMatchMode','EXACT','Specifieshowpersonattributesarematchedwhilesearchingperson.Validvaluesare\'ANYWHERE\'or\'EXACT\'.Defaultstoexactifmissingorinvalidvalueispresent.','989b3c9e-b32f-4742-80f4-d4d23cbd850a',NULL,NULL,NULL,NULL

'person.searchMaxResults','1000','Themaximumnumberofresultsreturnedbypatientsearches','c0767f87-1691-11df-97a5-7038c432aabf',NULL,NULL,NULL,NULL

'PersonAttributeType.locked','false','Settoavalueoftrueifyoudonotwantalloweditingpersonattributetypes,elsesettofalse.','f0c330ff-dceb-410a-ba60-5c25be9268ea',NULL,NULL,NULL,NULL

'provider.unknownProviderUuid',NULL,'SpecifiestheuuidoftheUnknownProvideraccount','b2c70a3d-0478-47fe-8818-7589880d5268',NULL,NULL,NULL,NULL

'providerSearch.matchMode','EXACT','Specifieshowprovideridentifiersarematchedwhilesearchingforproviders.ValidvaluesareSTART,EXACT,ENDorANYWHERE','2f3ac90c-b4bd-402e-89dd-db81962a59ac',NULL,NULL,NULL,NULL

'report.deleteReportsAgeInHours','72','Reportsthatarenotexplicitlysavedaredeletedautomaticallywhentheyarethismanyhoursol

Valueslessthanorequaltozeromeansdonotdeleteautomatically)','b2305b50-9810-423c-829e-fc68bd649a16',NULL,NULL,NULL,NULL

'report.xmlMacros',NULL,'MacrosthatwillbeappliedtoReportSchemaXMLswhentheyareinterpreted.Thisshouldbejava.util.propertiesformat.','2c271129-2ad6-4d04-a241-90d06fe7132b',NULL,NULL,NULL,NULL

'reporting.dataEvaluationBatchSize','-1','ThisdetermineswhethertorunevaluatorsforDatainbatchesandwhatthesizeofthosebatchesshouldbe.\nAvalueoflessthanorequalto0indicatesthatnobatchingisdesired.','85bcad2b-d7bd-49bd-88c9-5850daaafefb',NULL,NULL,NULL,NULL

'reporting.defaultDateFormat','dd/MMM/yyyy','Defaultdateformattousewhenformattingreportdata','313976e8-d909-480a-bb51-4b123e3472d8',NULL,NULL,NULL,NULL

'reporting.defaultLocale','en','Defaultlocaletousewhenformattingreportdata','4f7be099-5015-4368-8d97-407fad3b7dbe',NULL,NULL,NULL,NULL

'reporting.evaluationLoggerEnabled','false','Iffalse,willdisablethebuiltinuseoftheevaluationloggertologevaluationinformationforperformancediagnostics','173630a2-6500-44d7-8380-ede77fbe8847',NULL,NULL,NULL,NULL

'reporting.includeDataExportsAsDataSetDefinitions','false','Ifreportingcompatibilityisinstalled,thisindicateswhetherdataexportsshouldbeexposedasDatasetDefinitions','2db03fbf-389b-4517-a2a5-beed912427ce',NULL,NULL,NULL,NULL

'reporting.mandatory','false','true/falsewhetherornotthereportingmoduleMUSTstartwhenopenmrsstarts.Thisisusedtomakesurethatmissioncriticalmodulesarealwaysrunningifopenmrsisrunning.','bfefe280-e774-4625-abfd-481b99ce0e38',NULL,NULL,NULL,NULL

'reporting.maxCachedReports','10','Themaximumnumberofreportswhoseunderlyingdataandoutputshouldbekeptinthecacheatanyonetime','f49821cd-5ca7-43ba-aeba-029d3cc8e0e8',NULL,NULL,NULL,NULL

'reporting.maxReportsToRun','1','Themaximumnumberofreportsthatshouldbeprocessedatanyonetime','30a00228-a37e-42ff-bd9b-55f91b695768',NULL,NULL,NULL,NULL

'reporting.preferredIdentifierTypes',NULL,'Pipe-separatedlistofpatientidentifiertypenames,whichshouldbedisplayedondefaultpatientdatasets','cdc2a7f4-be1c-4b78-a04f-d92d881bae4b',NULL,NULL,NULL,NULL

'reporting.runReportCohortFilterMode','showIfNull','Supportsthevalueshide,showIfNull,showwhichdeterminewhetherthecohortselectorshouldbeavailableintherunreportpage','6198f70d-f37a-40ee-900a-e9aac408e4b3',NULL,NULL,NULL,NULL

'reporting.started','true','DONOTMODIFY.true/falsewhetherornotthereportingmodulehasbeenstarted.Thisisusedtomakesuremodulesthatwererunningpriortoarestartarestartedagain','97578d70-2d33-4e3b-8bbc-174a960de0fd',NULL,NULL,NULL,NULL

'reporting.testPatientsCohortDefinition',NULL,'Pointstoacohortdefinitionrepresentingalltest/fakepatientsthatyouwanttoexcludefromallqueriesandreports.YoumaysetthistotheUUIDofasavedcohortdefinition,orto\"library:keyInADefinitionLibrary\"','d95ee564-a56f-48d3-8266-d2a64c559d08',NULL,NULL,NULL,NULL

'reportingcompatibility.data_export_batch_size','7500','Thenumberofpatientstoexportatatimeinadataexport.Thelargerthisnumberthefasterandmorememorythatisused.Thesmallerthisnumbertheslowerandlessmemoryisused.','8e65bc25-876f-4e82-8c58-cc1e62e280b0',NULL,NULL,NULL,NULL

'reportingcompatibility.mandatory','false','true/falsewhetherornotthereportingcompatibilitymoduleMUSTstartwhenopenmrsstarts.Thisisusedtomakesurethatmissioncriticalmodulesarealwaysrunningifopenmrsisrunning.','1676916b-8532-47ff-bd00-fe7f5ecf2a7a',NULL,NULL,NULL,NULL

'reportingcompatibility.patientLinkUrl','patientDashboard.form','Thelinkurlforaparticularpatienttoviewfromthecohortbuilder','6658ba0d-9c62-4fee-a092-934d11d260a8',NULL,NULL,NULL,NULL

'reportingcompatibility.started','true','DONOTMODIFY.true/falsewhetherornotthereportingcompatibilitymodulehasbeenstarted.Thisisusedtomakesuremodulesthatwererunningpriortoarestartarestartedagain','849a64cc-135f-4b8a-9c33-2e0481b7803d',NULL,NULL,NULL,NULL

'reportProblem.url','http://errors.openmrs.org/scrap','Theopenmrsurlwheretosubmitbugreports','e3056167-f4ec-47b6-931a-a23fc561bb12',NULL,NULL,NULL,NULL

'scheduler.password','test','PasswordfortheOpenMRSuserthatwillperformthescheduleractivities','5e03624f-0fbb-4fe2-b2e5-461da96f87c1',NULL,NULL,NULL,NULL

'scheduler.username','admin','UsernamefortheOpenMRSuserthatwillperformthescheduleractivities','275f1e61-ff41-4ef0-b460-b2cf6856eb08',NULL,NULL,NULL,NULL

'search.caseSensitiveDatabaseStringComparison','true','Indicateswhetherdatabasestringcomparisoniscasesensitiveornot.SettingthistofalseforMySQLwithacaseinsensitivecollationimprovessearchperformance.','7e58e111-9d3e-4fe0-b2b9-bd9eb565bc37',NULL,NULL,NULL,NULL

'search.indexVersion','3','Indicatestheindexversion.Ifitisblank,theindexneedstoberebuilt.','2b71f6f2-1235-48b7-9e07-e3c9fa385dba',NULL,NULL,NULL,NULL

'searchWidget.batchSize','200','Themaximumnumberofsearchresultsthatarereturnedbyanajaxcall','c0d4eafe-5972-4633-9303-0b4da7a21acb',NULL,NULL,NULL,NULL

'searchWidget.dateDisplayFormat',NULL,'DatedisplayformattobeusedtodisplaythedatesomewhereintheUIi.ethesearchwidgetsandautocompletes','269c4a18-9a2e-4484-aaa4-a62fc7b64587',NULL,NULL,NULL,NULL

'searchWidget.maximumResults','2000','Specifiesthemaximumnumberofresultstoreturnfromasinglesearchinthesearchwidgets','cf08e9ff-03b4-4553-bf46-f3ad45f54947',NULL,NULL,NULL,NULL

'searchWidget.runInSerialMode','false','Specifeswhetherthesearchwidgetsshouldmakeajaxrequestsinserialorparallelorder,avalueoftrueisappropriateforimplementationsrunningonaslownetworkconnectionandviceversa','bbbe350b-8d27-489f-a8ca-a87fd96c08cf','org.openmrs.customdatatype.datatype.BooleanDatatype',NULL,NULL,NULL

'searchWidget.searchDelayInterval','400','Specifiestimeintervalinmillisecondswhensearching,betweenkeyboardkeyupeventandtriggeringthesearchoff,shouldbehigherifmostusersareslowwhentypingsoastominimisetheloadontheserver','c6ca75e0-6d09-43d0-88f7-ed3e8040858f',NULL,NULL,NULL,NULL

'security.allowedFailedLoginsBeforeLockout','7','Maximumnumberoffailedloginsallowedafterwhichusernameislockedout','b90cae33-5101-4d04-b0cd-d933b08942b7',NULL,NULL,NULL,NULL

'security.passwordCannotMatchUsername','true','Configurewhetherpasswordsmustnotmatchuser\'susernameorsystemid','f796aa16-8d87-4fa3-9fb3-213a9acce4b2','org.openmrs.customdatatype.datatype.BooleanDatatype',NULL,NULL,NULL

'security.passwordCustomRegex',NULL,'Configureacustomregularexpressionthatapasswordmustmatch','d7035e4a-86bf-4c07-9ecc-aabb83e4dfe4',NULL,NULL,NULL,NULL

'security.passwordMinimumLength','8','Configuretheminimumlengthrequiredofallpasswords','bf82ba55-a1f9-42ec-a413-ffb3a59df4fe',NULL,NULL,NULL,NULL

'security.passwordRequiresDigit','true','Configurewhetherpasswordsmustcontainatleastonedigit','83ad79e2-c97b-4bad-91ed-082c51feb31a','org.openmrs.customdatatype.datatype.BooleanDatatype',NULL,NULL,NULL

'security.passwordRequiresNonDigit','true','Configurewhetherpasswordsmustcontainatleastonenon-digit','f9165e90-0324-48d9-a937-649e0100427f','org.openmrs.customdatatype.datatype.BooleanDatatype',NULL,NULL,NULL

'security.passwordRequiresUpperAndLowerCase','true','Configurewhetherpasswordsmustcontainbothupperandlowercasecharacters','bf34906e-51f7-4414-bc29-bb92db0d8434','org.openmrs.customdatatype.datatype.BooleanDatatype',NULL,NULL,NULL

'serialization.xstream.mandatory','false','true/falsewhetherornottheserialization.xstreammoduleMUSTstartwhenopenmrsstarts.Thisisusedtomakesurethatmissioncriticalmodulesarealwaysrunningifopenmrsisrunning.','e3d2e5b3-5b9e-4653-9387-7f0fc76b67d8',NULL,NULL,NULL,NULL

'serialization.xstream.started','true','DONOTMODIFY.true/falsewhetherornottheserialization.xstreammodulehasbeenstarted.Thisisusedtomakesuremodulesthatwererunningpriortoarestartarestartedagain','28c39c92-249f-49b5-b6c7-48407b4335b3',NULL,NULL,NULL,NULL

'user.headerAttributeTypes',NULL,'AcommadelimitedlistofPersonAttributeTypenamesthatwillbeshownontheuserdashboar

notusedinv1.5)','4bcda547-4058-492a-839e-7e1991b46304',NULL,NULL,NULL,NULL

'user.listingAttributeTypes',NULL,'AcommadelimitedlistofPersonAttributeTypenamesthatshouldbedisplayedforusersin_lists_','c0768996-1691-11df-97a5-7038c432aabf',NULL,NULL,NULL,NULL

'user.requireEmailAsUsername','false','Indicateswhetherausernamemustbeavalide-mailornot.','0e0c2d6e-5f1f-4820-bdaf-4f7b930f412e','org.openmrs.customdatatype.datatype.BooleanDatatype',NULL,NULL,NULL

'user.viewingAttributeTypes',NULL,'AcommadelimitedlistofPersonAttributeTypenamesthatshouldbedisplayedforuserswhen_viewingindividually_','c0768aa3-1691-11df-97a5-7038c432aabf',NULL,NULL,NULL,NULL

'use_patient_attribute.healthCenter','false','Indicateswhetherornotthe\'healthcenter\'attributeisshownwhenviewing/searchingforpatients','c0768bb9-1691-11df-97a5-7038c432aabf','org.openmrs.customdatatype.datatype.BooleanDatatype',NULL,NULL,NULL

'use_patient_attribute.mothersName','false','Indicateswhetherornotmother\'snameisabletobeadded/viewedforapatient','c0768cd4-1691-11df-97a5-7038c432aabf','org.openmrs.customdatatype.datatype.BooleanDatatype',NULL,NULL,NULL

'use_patient_attribute.tribe','true','Indicateswhetherornotthe\'tribe\'attributeisshownwhenviewing/searchingforpatients','c0768df6-1691-11df-97a5-7038c432aabf',NULL,NULL,NULL,NULL

'visits.allowOverlappingVisits','true','true/falsewhetherornottoallowvisitsofagivenpatienttooverlap','d3b161b6-e0a0-4c50-a32a-1597af8eaa41','org.openmrs.customdatatype.datatype.BooleanDatatype',NULL,NULL,NULL

'visits.assignmentHandler','org.openmrs.api.handler.ExistingVisitAssignmentHandler','Settothenameoftheclassresponsibleforassigningencounterstovisits.','c28b65a0-21c9-4a88-90d8-a86386c86eab',NULL,NULL,NULL,NULL

'visits.autoCloseVisitType',NULL,'comma-separatedlistofthevisitty

s)toautomaticallyclose','3c15353d-4625-4042-b5a5-bcece5aae0d8',NULL,NULL,NULL,NULL

'visits.enabled','true','SettotruetoenabletheVisitsfeature.Thiswillreplacethe\'Encounters\'tabwitha\'Visits\'tabonthedashboard.','0946d6c0-fc1b-4796-950e-c3f61d44875c','org.openmrs.customdatatype.datatype.BooleanDatatype',NULL,NULL,NULL

'visits.encounterTypeToVisitTypeMapping',NULL,'Specifieshowencountertypesaremappedtovisittypeswhenautomaticallyassigningencounterstovisits.e.g1:1,2:1,3:2intheformatencounterTypeId:visitTypeIdorencounterTypeUuid:visitTypeUuidoracombinationofencounter/visittypeuuidsandidse.g1:759799ab-c9a5-435e-b671-77773ada74e4','b0f7e59d-40d0-428a-84ab-c350624a9f3f',NULL,NULL,NULL,NULL

'webservices.rest.allowedips',NULL,'Acomma-separatelistofIPaddressesthatareallowedtoaccessthewebservices.Anemptystringallowseveryonetoaccessallws.\nIPscanbedeclaredwithbitmaskse.g.10.0.0.0/30matches10.0.0.0-10.0.0.3and10.0.0.0/24matches10.0.0.0-10.0.0.255.','ff5f01de-474a-4aa2-8341-e254fdc73db5',NULL,NULL,NULL,NULL

'webservices.rest.mandatory','false','true/falsewhetherornotthewebservices.restmoduleMUSTstartwhenopenmrsstarts.Thisisusedtomakesurethatmissioncriticalmodulesarealwaysrunningifopenmrsisrunning.','0fb9af60-4832-444a-be2c-eda7811c6f04',NULL,NULL,NULL,NULL

'webservices.rest.maxResultsAbsolute','100','Theabsolutemaxresultslimit.Iftheclientrequestsalargernumberofresults,thenwillgetanerror','d3900f0b-2e9d-4395-bed9-9f6d4521795f',NULL,NULL,NULL,NULL

'webservices.rest.maxResultsDefault','50','Thedefaultmaxresultslimitiftheuserdoesnotprovideamaximumwhenmakingthewebservicecall.','07bb0058-39bb-40a9-bb06-7b93b5da7880',NULL,NULL,NULL,NULL

'webservices.rest.started','true','DONOTMODIFY.true/falsewhetherornotthewebservices.restmodulehasbeenstarted.Thisisusedtomakesuremodulesthatwererunningpriortoarestartarestartedagain','2b884d2f-e0f9-4236-b7c0-2cc82ba7aa1c',NULL,NULL,NULL,NULL

'webservices.rest.uriPrefix',NULL,'TheURIprefixthroughwhichclientsconsumingwebserviceswillconnecttothewebapplication,shouldbeoftheformhttp://{ipAddress}:{port}/{contextPath}','319f98e3-e132-4c5f-8ec9-f6d083f1d954',NULL,NULL,NULL,NULL

'xforms.adminEmail',NULL,'Ane-mailaddresswherenotificationsaboutfaileddatauploadswillbesent.','ac034e8e-70b5-4e71-b265-36ac3a776491',NULL,NULL,NULL,NULL

'xforms.afterCancelUrl','xforms/formentry/patient.page?','Theurltogotoaftercancellinganxform.','596e09f3-3dfb-46c3-bb61-08f64919ec6e',NULL,NULL,NULL,NULL

'xforms.afterSubmitUrl','coreapps/findpatient/findPatient.page?app=xforms.formentry','Theurltogotoaftersubmittinganxform.','654fb37d-3f5b-4668-a1a4-15be87714a53',NULL,NULL,NULL,NULL

'xforms.allowBindEdit','false','Settotrueifyouwanttoalloweditingofquestionbindingswhendesigningforms.','3e840770-6a9f-4eb2-97c3-bd8afb515215',NULL,NULL,NULL,NULL

'xforms.archive_dir','xforms/archive/%Y/%M','Directorycontainingthexformsarchiveitems.Thiswillcontainxformmodelxmlfilesthathavebeenprocessedandthensubmittedsuccessfullyintotheformentryqueue.','ac5f8f87-0031-4771-b018-41ab9a7b76d3',NULL,NULL,NULL,NULL

'xforms.autoGeneratePatientIdentifier','false','Settotrueifyouwanttheidgenmoduletogeneratepatientidentifierswhencreatingnewpatientsusingthexformsmodule.','c4fa3218-7129-48e3-8961-c36063b84b96',NULL,NULL,NULL,NULL

'xforms.cohortSerializer','org.openmrs.module.xforms.serialization.DefaultCohortSerializer','Thepatientcoho

cohort_idandname)serializer','62255bce-9bca-476a-9e2e-126338d39089',NULL,NULL,NULL,NULL

'xforms.complexobs_dir','xforms/complexobs','Directoryforstoringcomplexobsusedbythexformsmodule.','5f6a834c-dd16-4a61-a2f8-fceb9215442b',NULL,NULL,NULL,NULL

'xforms.database_version','4.1.1.0','DONOTMODIFY.Currentdatabaseversionnumberforthexformsmodule.','92e7b8ac-0f55-40f2-a3fd-070102ab3851',NULL,NULL,NULL,NULL

'xforms.dateDisplayFormat','dd/MM/yyyy','Thedisplayformatofdatesusedbythexformsmodule.','169782ed-e128-4da4-958e-a807e6637a4e',NULL,NULL,NULL,NULL

'xforms.dateSubmitFormat','yyyy-MM-dd','Theformatofthedatespassedinthexmlofthexformsmodel.Pleasemakesurethismatcheswiththedateformatofyourdataentryapplications,elseyouwillgetwrongdatesontheserver.','13ce677d-910a-4c31-b113-d32eb64de46f',NULL,NULL,NULL,NULL

'xforms.dateTimeDisplayFormat','dd/MM/yyyyhh:mma','Thedisplayformatofdatetimeusedbythexformsmodule.','8617c860-1c67-44d8-81cf-41df0fba840e',NULL,NULL,NULL,NULL

'xforms.dateTimeSubmitFormat','yyyy-MM-dd\'T\'HH:mm:ss','Theformatofthedatetimepassedinthexmlofthexformsmodel.Pleasemakesurethismatcheswiththedateformatofyourdataentryapplications,elseyouwillgetwrongdatesontheserver.','7235f498-0d82-48bb-80c8-96268a00d740',NULL,NULL,NULL,NULL

'xforms.decimalSeparators','en:.;fr:.;es:,;it:.;pt:.','Thedecimalseparatorsforeachlocale.e.g:en:.;fr:.;es:,;it:.;pt:.','de990ebd-4820-4ad6-9a1d-4d869cd1a3aa',NULL,NULL,NULL,NULL

'xforms.defaultFontFamily','Verdana,\'LucidaGrande\',\'TrebuchetMS\',Arial,Sans-Serif','Thedefaultfontfamilyusedbytheformdesigner.','03b52247-8cdb-413a-8c2d-19a3558fb75f',NULL,NULL,NULL,NULL

'xforms.defaultFontSize','16','Thedefaultfontsizeusedbytheformdesigner.','c1e48ea8-a18f-4128-9d7a-84c4ce88ee3b',NULL,NULL,NULL,NULL

'xforms.emailServerConfig',NULL,'Alistofe-mailserverpropertiesinaformof\'mail.smtp.host=smtp.gmail.com;mail.smtp.port=587\'.SeeJavaMailSenderformoredetails.','218c73f7-df25-45d1-8d7c-195fcc49fd4b',NULL,NULL,NULL,NULL

'xforms.encounterDateIncludesTime','false','Settotrueiftheencounterdateshouldincludetime.','269f6992-9445-425d-9a63-f7252c820223',NULL,NULL,NULL,NULL

'xforms.error_dir','xforms/error','Directorycontainingthexformserroritems.Thiswillcontainxformmodelxmlfilesthathavenotbeensubmittedintotheformentryqueuebecauseofprocessingerrors.','1860bad3-7bf5-490a-bd46-1dae5ab02e69',NULL,NULL,NULL,NULL

'xforms.includeUsersInXformsDownload','true','Settotrueifyouwanttoincludeuserswhendownloadingxforms,elsesettofalseifyouwanttoalwaysloadtheuserslistseparately.','1c12c72c-171a-4c74-a642-52cf30033f43',NULL,NULL,NULL,NULL

'xforms.isRemoteFormEntry','false','Settotrueifthisisaremoteformentryserv

Notthemainserver).','9856d625-d88a-4f48-98d8-f5f7467549ae',NULL,NULL,NULL,NULL

'xforms.localeList','en:English','Thelistoflocalessupportedbytheformdesigner.e.g:en:English,fr:French,es:Spanish,it:Italian,pt:Portuguese','88a03e42-29f4-44a5-b2ee-56e34a6c98c1',NULL,NULL,NULL,NULL

'xforms.maintainOrderingOnRefresh','true','Settotrueifyouwanttomaintaintheorderingofitemswhenyourefreshaformintheformdesigner.Elsesettofalse.','f6545d7e-f9f1-4d71-91f6-260a89c25fc3',NULL,NULL,NULL,NULL

'xforms.mandatory','false','true/falsewhetherornotthexformsmoduleMUSTstartwhenopenmrsstarts.Thisisusedtomakesurethatmissioncriticalmodulesarealwaysrunningifopenmrsisrunning.','aa935a0f-534e-45fd-94b3-2246797430f6',NULL,NULL,NULL,NULL

'xforms.manualWidgetLayout','false','Settotrueifyouwanttoturnoffautomaticwidgetlayoutonloadingformforthefirsttime,elsesettofalse','beabd83e-1624-4fb5-99d9-ec7e095aba20',NULL,NULL,NULL,NULL

'xforms.multiSelectAppearance','full','Theappearanceofmultiselectinputfields.Allowedvaluesare:{full,minimal,compact}','04d501eb-8f3c-4399-b343-4088b2ccbd42',NULL,NULL,NULL,NULL

'xforms.newPatientFormId',NULL,'Theidoftheformforcreatingnewpatients','7318d6a0-b531-4070-87ec-1ed863209c78',NULL,NULL,NULL,NULL

'xforms.new_patient_identifier_type_id','1','Theidofthepatientidentifiertypewhichwillbeusedwhencreatingnewpatientsfromformswhichdonothaveapatient_identifier.identifier_type_idfield.','b1a68aea-3881-438a-9ec7-a3cd761b2451',NULL,NULL,NULL,NULL

'xforms.overwriteValidationsOnRefresh','false','Settotrueif,onrefresh,youwantcustomvalidationstobereplacedbythosefromthedatabaseconcepts.','009babba-bdf2-4567-b23a-31b75dd6449c',NULL,NULL,NULL,NULL

'xforms.patientDownloadCohort',NULL,'Thecohortforpatientstodownload','ce14cf2e-e1a9-42ce-8d25-7683eac146b4',NULL,NULL,NULL,NULL

'xforms.patientRegEncounterFormId','0','Theidoftheencounterformwhichwillbecombinedwiththepatientregistrationform.','325ad6a5-919b-45bc-a8e5-233190c4cffc',NULL,NULL,NULL,NULL

'xforms.patientSerializer','org.openmrs.module.xforms.serialization.DefaultPatientSerializer','Thepatientsetserializer','b0959d0a-a0e3-4210-aa34-6563d0e0b72f',NULL,NULL,NULL,NULL

'xforms.preferredConceptSource',NULL,'ThenameforpreferredconceptsourcetobeusedforformsthatcanbesharedwithotherOpenMRSinstallations.','637892d1-739d-4814-998f-6e4909b682b0',NULL,NULL,NULL,NULL

'xforms.queue_dir','xforms/queue','Directorycontainingthexformsqueueitems.Thiswillcontainxformsxmlmodelfilessubmittedandawaitingprocessingtobesubmittedintotheformentryqueue.','64ed327a-2565-4743-8759-8e8699f1a76b',NULL,NULL,NULL,NULL

'xforms.rejectExistingPatientCreation','true','SettotruetoRejectformsforpatientsconsiderednewwhentheyalreadyexist,byvirtureofpatientidentifier.Elsesettofalsetoallowthem.','514eac4f-5d2f-4315-80c0-def07caa2fde',NULL,NULL,NULL,NULL

'xforms.savedSearchSerializer','org.openmrs.module.xforms.serialization.DefaultSavedSearchSerializer','Thepatientsavedsearchserializer','8d10813e-40c1-4951-9f01-d1d017ba90e1',NULL,NULL,NULL,NULL

'xforms.saveFormat','purcforms','Theformatinwhichthexformswillbesaved.Fornowwesupporttwoformats:purcformsandjavarosa','5a902ad3-be3c-49ae-8324-a0966938d6c8',NULL,NULL,NULL,NULL

'xforms.searchNewPatientAfterFormSubmission','true','Settotrueifyouwanttosearchforanewpatientaftersubmittingaform,elsesettofalseifyouwanttogobacktothesamepatient.','179bcabb-afa9-4f6f-9999-8e18f45b5d8f',NULL,NULL,NULL,NULL

'xforms.setDefaultLocation','false','Settotrueifyouwanttosetthedefaultlocationtothatoftheloggedonuser.','16e7ff7e-2d72-4f0c-ac6c-e474f64aa6ba',NULL,NULL,NULL,NULL

'xforms.setDefaultProvider','false','Settotrueifyouwanttosetthedefaultprovidertotheloggedonuser,ifheorshehastheproviderrole.','7b877ca5-ddb1-45b3-a07c-9e8b527fceae',NULL,NULL,NULL,NULL

'xforms.showCSSTab','false','SettotrueifyouwanttodisplaytheCSStaboftheformdesigner.','285d4bc6-35fe-44a7-8318-2a504414b781',NULL,NULL,NULL,NULL

'xforms.showDesignSurfaceTab','true','SettotrueifyouwanttodisplaytheDesignSurfacetaboftheformdesigner.','01985393-f142-4b47-a996-cc2e6db4dd02',NULL,NULL,NULL,NULL

'xforms.showJavaScriptTab','false','SettotrueifyouwanttodisplaytheJavaScripttaboftheformdesigner.','3049d418-c851-4298-96af-023e7238149f',NULL,NULL,NULL,NULL

'xforms.showLanguageTab','false','Settotrueifyouwanttodisplaythelanguagexmltaboftheformdesigner.','44a34ede-62bc-4d07-8b29-d2104cb3b4b6',NULL,NULL,NULL,NULL

'xforms.showLayoutXmlTab','false','Settotrueifyouwanttodisplaythelayoutxmltaboftheformdesigner.','70800639-15ce-4d09-8e9d-fe18d8653d91',NULL,NULL,NULL,NULL

'xforms.showModelXmlTab','false','Settotrueifyouwanttodisplaythemodelxmltaboftheformdesigner.','c7a26ff0-540c-452e-b5a8-22f80905aa94',NULL,NULL,NULL,NULL

'xforms.showOfflineFormDesigner','false','Settotrueifyouwanttoshowtheformdesignerinofflinemode.','cdb79e00-24d8-4967-a602-b1af3588b3d4',NULL,NULL,NULL,NULL

'xforms.showPreviewTab','true','SettotrueifyouwanttodisplaythePreviewtaboftheformdesigner.','3ce83f93-7c58-4a3f-b386-b41dd60bf9d1',NULL,NULL,NULL,NULL

'xforms.showSubmitSuccessMsg','false','Settotrueifyouwanttodisplaytheformsubmittedsuccessfullymessageeverytimeaformissubmittedsuccessfully.','ee918e02-3cb8-4519-9e74-c1b91b5c88da',NULL,NULL,NULL,NULL

'xforms.showXformsSourceTab','false','Settotrueifyouwanttodisplaythexformssourcetaboftheformdesigner.','d84318b7-5de5-41ec-b296-0cb263b1a13c',NULL,NULL,NULL,NULL

'xforms.singleSelectAppearance','minimal','Theappearanceofsingleselectinputfields.Allowedvaluesare:{full,minimal,compact}','907f9756-8093-4e24-a114-c216753c0077',NULL,NULL,NULL,NULL

'xforms.smsFieldSepChar','=','Theseparatorbetweenquestionsandanswersinthesmstext.','aea2b54b-feb6-4435-b488-16e36fe4787c',NULL,NULL,NULL,NULL

'xforms.smsSendFailureReports','true','Settotrueifyouwantsmssendertogetfailurereports,elsesettofalse.','2ddcd279-5413-4d31-a771-d7751dea929b',NULL,NULL,NULL,NULL

'xforms.smsSendSuccessReports','true','Settotrueifyouwantsmssendertogetsuccessreports,elsesettofalse.','98713a56-e0f9-4e7b-82d4-2d85e70aef60',NULL,NULL,NULL,NULL

'xforms.started','true','DONOTMODIFY.true/falsewhetherornotthexformsmodulehasbeenstarted.Thisisusedtomakesuremodulesthatwererunningpriortoarestartarestartedagain','16641cf7-4eeb-40b9-b5aa-373a84e8b426',NULL,NULL,NULL,NULL

'xforms.timeDisplayFormat','hh:mma','Thedisplayformatoftimeusedbythexformsmodule.','d6229190-35ae-40ca-b271-5a88ef42875e',NULL,NULL,NULL,NULL

'xforms.timeSubmitFormat','HH:mm:ss','Theformatofthetimepassedinthexmlofthexformsmodel.Pleasemakesurethismatcheswiththedateformatofyourdataentryapplications,elseyouwillgetwrongtimesontheserver.','921a7369-7fbc-4b8b-ba1d-708b30a24417',NULL,NULL,NULL,NULL

'xforms.undoRedoBufferSize','-1','Settothemaximumnumberofactionsyoucanundoorredo.Thebiggerthesize,themorememoryyourbrowserneeds.Defaultvalueis100.Setto-1ifyoudonotwantanylimit.','b96c0dfa-571a-4666-a250-28cfafe322f8',NULL,NULL,NULL,NULL

'xforms.useAutocompleteForLocations','false','Specifiesthatwhencreatinganewxformthelocationselectionelementshoulduseautocomplete,\nNotethatthisonlyappliesforOpenMRSVersions1.8andabove','7b8b0684-cb20-46b6-a19c-e1fd8a1f822a',NULL,NULL,NULL,NULL

'xforms.useAutocompleteForProviders','false','Specifiesthatwhencreatinganewxformtheproviderselectionelementshoulduseautocomplete,\nNotethatthisonlyappliesforOpenMRSVersions1.9andabove','20457f3f-dc7d-41e8-bb8a-cb5630b60d2e',NULL,NULL,NULL,NULL

'xforms.useConceptIdAsHint','false','SettotrueifyouwanttodisplaytheconceptIdasthedefaultfielddescription.','737af3dd-40a5-4ab9-b4af-39988f5e428d',NULL,NULL,NULL,NULL

'xforms.useEncounterXform','true','SettotrueifyouwanttouseXFormstoeditencountersinsteadofthedefaultopenmrseditencounterscreen,elsesettofalse.','24017c1a-953f-49f6-8216-d5d5e7125016',NULL,NULL,NULL,NULL

'xforms.usePatientXform','false','SettotrueifyouwanttouseXFormstocreatenewpatientsinsteadofthedefaultopenmrscreatepatientform,elsesettofalse.','d616034a-4f35-4c61-a952-446a4570047c',NULL,NULL,NULL,NULL

'xforms.userSerializer','org.openmrs.module.xforms.serialization.DefaultUserSerializer','Theusersetserializer','5ecd0989-928c-4a7a-99ad-21d15b5b2a07',NULL,NULL,NULL,NULL

'xforms.useStoredXform','true','SettotrueifyouwanttouseXFormsuploadedintothedatabase,elsesettofalseifyouwanttoalwaysbuildanXFormontheflyfromthecurrentformdefinition.','623143d3-7332-4fd9-98b2-981f99072ba6',NULL,NULL,NULL,NULL

'xforms.viewEncounterAsXform','false','Settotrueifyouwanttoviewencounterobservationsinthesameformwhichwasusedtosubmitthedata.Elsesettofalse.','6412534a-0cb7-46e4-9a49-7ca4f6891b02',NULL,NULL,NULL,NULL

'xforms.xformDownloadFolder',NULL,'FoldertowhichXFormsaredownload','644ceb92-2ee4-4d72-814c-c2ae9d621c7c',NULL,NULL,NULL,NULL

'xforms.xformSerializer','org.fcitmuk.epihandy.EpihandyXformSerializer','TheXFormsserializer','f96718e0-8bbf-4165-9e10-fa1ad7a137f4',NULL,NULL,NULL,NULL

'xforms.xformUploadFolder',NULL,'FolderfromwhichXFormsdataisuploaded','3f329c59-69b4-4782-aa98-928cf5c60736',NULL,NULL,NULL,NULL